INSERT INTO Language (id, name)
VALUES (1, 'Polish'),
       (2, 'English'),
       (3, 'German'),
       (4, 'Italian'),
       (5, 'Asturian'),
       (6, 'Czech'),
       (7, 'Danish'),
       (8, 'Esperanto'),
       (9, 'Spanish'),
       (10, 'Estonian'),
       (11, 'Finnish'),
       (12, 'French'),
       (13, 'Croatian'),
       (14, 'Hungarian'),
       (15, 'Japanese'),
       (16, 'Lithuanian'),
       (17, 'Dutch'),
       (18, 'Portuguese'),
       (19, 'Swedish'),
       (20, 'Russian'),
       (21, 'Ukrainian');

INSERT INTO Language_Level (id, level)
VALUES (1, 'A1'),
       (2, 'A2'),
       (3, 'B1'),
       (4, 'B2'),
       (5, 'C1'),
       (6, 'C2');

INSERT INTO Skill_Category (id, name)
VALUES (1, 'Programming'),
       (2, 'Management'),
       (3, 'Time Management'),
       (4, 'Communication'),
       (5, 'Analysis'),
       (6, 'Technical');

INSERT INTO Skill (id, name, skill_category)
VALUES (1, 'C++', 1),
       (2, 'Java', 1),
       (3, 'C#', 1),
       (4, 'PHP', 1),
       (5, 'Angular', 1),
       (6, 'Kotlin', 1),
       (7, 'Debugging', 1),
       (8, 'REST', 1),
       (9, 'Development', 1),
       (10, 'Hibernate', 1),
       (11, 'Security', 1),
       (12, 'Negotiation', 2),
       (13, 'Financial', 2),
       (14, 'Conflict Management', 2),
       (15, 'Project Management', 2),
       (16, 'Presentation', 2),
       (17, 'Writing', 2),
       (18, 'Decision-making', 2),
       (19, 'Targeting goals', 2),
       (20, 'Strategic thinking', 2),
       (21, 'Scheduling', 3),
       (22, 'Multitasking', 3),
       (23, 'Meeting Deadlines', 3),
       (24, 'ICT', 3),
       (25, 'Digital Communication', 3),
       (26, 'Team Building', 4),
       (27, 'Teamwork', 4),
       (28, 'Collaboration', 4),
       (29, 'Written Communication', 4),
       (30, 'Oral Communication', 4),
       (31, 'Active Listening', 4),
       (32, 'Critical thinking', 5),
       (33, 'Research', 5),
       (34, 'information analysis', 5),
       (35, 'Problem-solving', 5),
       (36, 'Data Mining', 5),
       (37, 'Scientific Method', 5),
       (38, 'Fundamental Analysis', 5),
       (39, 'Algorithms', 6),
       (40, 'Database Management', 6),
       (41, 'Documentation', 6),
       (42, 'Cloud/SaaS Services', 6),
       (43, 'Artificial Intelligence', 6),
       (44, 'Following Specifications', 6),
       (45, 'Testing', 6),
       (46, 'Software', 6),
       (47, 'Network Architecture', 6),
       (48, 'Hardware', 6),
       (49, 'Design', 6);

INSERT INTO Login (id, email, password)
VALUES (1, 'JohnSmith@gmail.com',
        '$2a$10$X9qHKwCiDdyDQh1k1vQxc.7ejBAKKq/tcBFcQczYnt6/uGkJDEF/a'), -- 4321skowronki
       (2, 'KateOgden@gmail.com',
        '$2a$10$fheUtyy5gSEz0tnd.RhfROUe7ds69NZkmjSvzVSq0I736M9NKI63i'), -- 213kosy321
       (3, 'AmberBrackenrid@gmail.com',
        '$2a$10$QDBXt.KG/TPNQ2DBqniK8uSQU.nPZTYCtg3MZa7bklm7bd57GIOiy'), -- kopciuszki456
       (4, 'SteveHiggins@gmail.com',
        '$2a$10$fAW7CuYdYQE.lZ24kMikR.TJM75A1QbH5Gkr0.FGhWoNfEyijiria'), -- 2grubodzioby3
       (5, 'StephanNewsome@gmail.com',
        '$2a$10$F2mEM2wYaEd7kXOwE5v9keuI/40MCCDI3Y9Zi7uZSPBcGuFAyUTxC'), -- wilgiistrzygly8
       (6, 'plover@icloud.com',
        '$2a$10$tTwZWfOHhM5m4IiUWkb0HOg5Y0dpdK1rjuf9ABVR3IVut190UPz0S'), -- alamakota123
       (7, 'ingolfke@optonline.net',
        '$2a$10$0lrHFSDGL8ckzDbz7Njt/u9W6COH6ofxSl4l1XdvuwcGAXTXSeQAC'), -- lubie4pieski
       (8, 'majordick@comcast.net',
        '$2a$10$roa7orjwfVUZEuFNlO7nHejc0KCUvIHGk5rlLsO.PWE4/P3I3Ifoi'), -- wydrowe2love
       (9, 'singer@optonline.net',
        '$2a$10$sUegw6ig8hydzu78Bx6NSe/hFYIAdUV75kGA9T6744ogZMQIZyr6m'), -- 123koniki
       (10, 'policies@comcast.net',
        '$2a$10$Y2haWpd9k4dFwCDFAzWNxOIV9/gbfTsPB3LIO2s0SK/Xq8sHNHR.C'), -- sarenkosyrenki
       (11, 'dwendlan@gmail.com',
        '$2a$10$aAqzZK8GRDde40.4iQR1U.5w8NYTgoLzEFlv0f80sY.5FIpRZ1ZD6'), -- chomiczki987
       (12, 'scarolan@hotmail.com',
        '$2a$10$c3cbhkjcpTy.sffJWPRhRO7VLuA.4M5P4b58OQCZ8EYq80quUHiRu'), -- dorszenajgorsze56
       (13, 'farber@sbcglobal.net',
        '$2a$10$4GbuONQ5zO8fZwNhHIQDBOJY6gj3nYbSYauVtDbQdk4LBms17bDN.'), -- 3zajacehasajace
       (14, 'tskirvin@mac.com',
        '$2a$10$o9UOXi7f2C0zw7KchlZyue1wSmrYd6fNV7Tqu5fL.jG26fNOcypDG'), -- iniadelfinia456
       (15, 'fallorn@hotmail.com',
        '$2a$10$3HiWqm8LENEaxJukf6h/..fOoqHhlDgigFgLJat1kUqcy3MMuSlMu'), -- oceloty0192
       (16, 'mkearl@msn.com',
        '$2a$10$e9qtCeJxtn4rvFl2RCID9Ozkdnq0wCSo25pleKbj5aLtQqQpU2K3S'), -- szczekuszki3333
       (17, 'godeke@msn.com',
        '$2a$10$kzhzepyVoPrOVOfb1kU5seEWqe/mXqpB2fdTO3ti4YGeABMjW8k9u'), -- malefoczki88
       (18, 'chronos@msn.com',
        '$2a$10$GYnXNLkFoyILQf0r.l1dP.FY8iT8Y12N4UYWAfLHNHfRnjcBt2M4q'), -- kotikizafryki9090
       (19, 'roesch@aol.com',
        '$2a$10$/9mB8F4u.fQ/DDgTuGnRKuEiDzKBVPjr.AFuSrlT7Xm0Y.gtYRyTu'), -- 1234renifery
       (20, 'wbarker@outlook.com',
        '$2a$10$xCC/xnAbGI4KQNQ1CC5at.N1dPdxtsynm4yc.ABzw/S1OOZjV.9aq'), -- 5678wielkielosie
       (21, 'daveed@sbcglobal.net',
        '$2a$10$dDr/oczj.1F5jrA0kTr0RuKJ/WilZX58s2JwuA04OaHug7bEhYcSu'), -- 3975tygrysy
       (22, 'dkeeler@verizon.net',
        '$2a$10$vl.f2ZsX9IwBBFu/LFyvj.esrubJwgP1Vc/X/PY2sEiUacEGNN69S'), -- jezzwierzaczek786
       (23, 'samavati@mac.com',
        '$2a$10$ewvqm.L4mw72Ai/qGmELeOaOJvwQrqYDoxz4jsovXJNVpCztr.5ay'), -- slontraba000
       (24, 'ajlitt@me.com',
        '$2a$10$YuAmx37ac79ELDd8BqJuDeekobxkGVnE/7hI7XbnFKi.AgMlvPsFK'), -- wilkwyjacy77
       (25, 'jshearer@msn.com',
        '$2a$10$SMo0lBCN5Ly7DkM1bWwaZO66Y7h62u5AYcKTqCBgNrbuFSzjh5wky'), -- strasznylew93939
       (26, 'miturria@msn.com',
        '$2a$10$zYgtCBzdygTTzDQqGs6Sz.TV9KlfiJNcGPv1BN/quxiHsS1FlpLHC'), -- konik234morski
       (27, 'johnbob@optonline.net',
        '$2a$10$emelVj/0CcMoMXKaTg2pue7xOZ4powsrkl2GCMyB6c5GGRmqpc.Y.'); -- 22makolagwa33

INSERT INTO Person (id, first_name, last_name, birthdate, version)
VALUES (1, 'John', 'Smith', '1970-07-20', 0),
       (2, 'Kate', 'Ogden', '1978-08-04', 0),
       (3, 'Amber', 'Brackenrid', '1979-03-26', 0),
       (4, 'Steve', 'Higgins', '1983-12-30', 0),
       (5, 'Stephan', 'Newsome', '1985-07-18', 0),
       (6, 'Anne', 'Crabtree', '1986-07-05', 0),
       (7, 'Bob', 'Watts', '1989-10-20', 0),
       (8, 'Agnes', 'Tesla', '1989-12-13', 0),
       (9, 'George', 'Hodge', '1990-12-28', 0),
       (10, 'William', 'Bloom', '1991-02-01', 0),
       (11, 'Julia', 'Giles', '1991-09-05', 0),
       (12, 'Tom', 'Pendrick', '1992-05-11', 0),
       (13, 'Henry', 'Alen', '1994-07-12', 0),
       (14, 'Jack', 'Curie', '1995-04-28', 0),
       (15, 'Violet', 'Edison', '1995-07-21', 0),
       (16, 'Nancy', 'Mayers', '1997-04-09', 0),
       (17, 'Victoria', 'Hart', '1998-06-18', 0),
       (18, 'Patrick', 'Long', '1971-03-23', 0),
       (19, 'Earnest', 'Riley', '1974-09-02', 0),
       (20, 'Dorothy', 'Green', '1974-12-30', 0),
       (21, 'Emmett', 'Abbott', '1976-05-03', 0),
       (22, 'Kay', 'Stokes', '1978-08-04', 0),
       (23, 'Brooke', 'Ferguson', '1979-05-03', 0),
       (24, 'Terrence', 'Strickland', '1981-11-09', 0),
       (25, 'Minnie', 'Stevenson', '1984-10-06', 0),
       (26, 'Michelle', 'Bell', '1989-06-02', 0),
       (27, 'Darin', 'Wells', '1996-03-17', 0);

INSERT INTO HR_Worker (id, login_id)
VALUES (1, 1),
       (2, 2),
       (3, 3),
       (4, 4),
       (5, 5);

INSERT INTO Employee (id, login_id)
VALUES (6, 6),
       (7, 7),
       (8, 8),
       (9, 9),
       (10, 10),
       (11, 11),
       (12, 12),
       (13, 13),
       (14, 14),
       (15, 15),
       (16, 16),
       (17, 17),
       (18, 18),
       (19, 19),
       (20, 20),
       (21, 21),
       (22, 22),
       (23, 23),
       (24, 24),
       (25, 25),
       (26, 26),
       (27, 27);

INSERT INTO Applicant (id)
VALUES (16),
       (17),
       (18),
       (19),
       (20),
       (21),
       (22);

INSERT INTO Working_Employee (id)
VALUES (6),
       (7),
       (8),
       (9),
       (10),
       (11),
       (12),
       (13),
       (14),
       (15);

INSERT INTO Terminated_Employee (id, availability, next_date_contact)
VALUES (23, 'no', '2020-10-03'),
       (24, 'no', '2020-12-21'),
       (25, 'maybe later', '2021-06-26'),
       (26, 'later for sure', '2021-10-11'),
       (27, 'maybe never', '2021-12-21');

INSERT INTO Contact (id, mobile, email, git, linkedin, other, version)
VALUES (6, '671558098', 'plover@icloud.com', '', '', '', 0),
       (7, '785819941', 'ingolfke@optonline.net', '', '', '', 0),
       (8, '515961439', 'majordick@comcast.net', '', '', '', 0),
       (9, '795207189', 'singer@optonline.net', '', '', '', 0),
       (10, '795991559', 'policies@comcast.net', '', '', '', 0),
       (11, '666033337', 'dwendlan@gmail.com', '', '', '', 0),
       (12, '668525207', 'scarolan@hotmail.com', '', '', '', 0),
       (13, '517697618', 'farber@sbcglobal.net', '', '', '', 0),
       (14, '789175710', 'tskirvin@mac.com', '', '', '', 0),
       (15, '692071319', 'fallorn@hotmail.com', '', '', '', 0),
       (16, '883078341', 'mkearl@msn.com', '', '', '', 0),
       (17, '677311606', 'godeke@msn.com', '', '', '', 0),
       (18, '795222304', 'chronos@msn.com', '', '', '', 0),
       (19, '603767628', 'roesch@aol.com', '', '', '', 0),
       (20, '728075173', 'wbarker@outlook.com', '', '', '', 0),
       (21, '796258946', 'daveed@sbcglobal.net', '', '', '', 0),
       (22, '517669755', 'dkeeler@verizon.net', '', '', '', 0),
       (23, '668360477', 'samavati@mac.com', '', '', '', 0),
       (24, '791392813', 'ajlitt@me.com', '', '', '', 0),
       (25, '667540306', 'jshearer@msn.com', '', '', '', 0),
       (26, '886767141', 'miturria@msn.com', '', '', '', 0),
       (27, '795672168', 'johnbob@optonline.net', '', '', '', 0);

INSERT INTO Skill_Level (id, employee_id, skill_id, level)
VALUES (1, 6, 26, 4),
       (2, 7, 33, 1),
       (3, 8, 27, 4),
       (4, 9, 8, 1),
       (5, 10, 40, 4),
       (6, 11, 14, 5),
       (7, 12, 9, 3),
       (8, 13, 36, 3),
       (9, 14, 34, 1),
       (10, 15, 19, 5),
       (11, 16, 5, 1),
       (12, 17, 34, 4),
       (13, 18, 10, 4),
       (14, 19, 46, 5),
       (15, 20, 49, 5),
       (16, 21, 11, 1),
       (17, 22, 41, 2),
       (18, 23, 36, 1),
       (19, 24, 1, 1),
       (20, 25, 34, 3),
       (21, 26, 41, 1),
       (22, 27, 24, 5),
       (23, 13, 46, 3),
       (24, 11, 7, 1),
       (25, 10, 47, 2),
       (26, 13, 45, 3),
       (27, 12, 21, 5),
       (28, 10, 43, 4),
       (29, 14, 35, 2),
       (30, 6, 30, 4),
       (31, 19, 33, 3),
       (32, 24, 38, 2),
       (33, 18, 26, 4),
       (34, 15, 2, 3),
       (35, 26, 7, 5),
       (36, 23, 3, 1),
       (37, 12, 13, 4),
       (38, 16, 28, 1),
       (39, 18, 6, 3),
       (40, 26, 9, 3),
       (41, 20, 19, 1),
       (42, 12, 49, 3),
       (43, 6, 47, 3),
       (44, 11, 25, 5),
       (45, 18, 29, 1),
       (46, 18, 27, 2),
       (47, 18, 17, 5),
       (48, 10, 45, 4),
       (49, 13, 17, 4),
       (50, 22, 18, 1),
       (51, 17, 6, 3),
       (52, 18, 42, 5),
       (53, 7, 20, 5),
       (54, 15, 42, 4),
       (55, 15, 8, 2),
       (56, 11, 47, 4),
       (57, 13, 20, 4),
       (58, 21, 48, 2),
       (59, 11, 37, 1),
       (60, 18, 37, 2),
       (61, 6, 23, 1),
       (62, 16, 33, 2),
       (63, 24, 18, 4),
       (64, 15, 21, 2),
       (65, 11, 43, 1),
       (66, 19, 23, 1),
       (67, 8, 5, 1),
       (68, 27, 35, 2),
       (69, 9, 48, 2),
       (70, 18, 9, 1),
       (71, 25, 24, 3);

INSERT INTO Language_Knowledge (id, employee_id, language_id, level_id)
VALUES (1, 6, 5, 1),
       (2, 7, 21, 1),
       (3, 8, 5, 3),
       (4, 9, 12, 4),
       (5, 10, 18, 1),
       (6, 11, 13, 2),
       (7, 12, 18, 5),
       (8, 13, 18, 4),
       (9, 14, 21, 2),
       (10, 15, 7, 6),
       (11, 16, 19, 6),
       (12, 17, 6, 6),
       (13, 18, 2, 4),
       (14, 19, 12, 2),
       (15, 20, 19, 5),
       (16, 21, 4, 2),
       (17, 22, 5, 6),
       (18, 23, 2, 5),
       (19, 24, 18, 5),
       (20, 25, 1, 1),
       (21, 26, 10, 3),
       (22, 27, 8, 4),
       (23, 8, 10, 2),
       (24, 20, 9, 3),
       (25, 12, 20, 3),
       (26, 9, 14, 3),
       (27, 24, 16, 5),
       (28, 13, 14, 4),
       (29, 9, 16, 2),
       (30, 21, 14, 5),
       (31, 24, 6, 5),
       (32, 25, 3, 4),
       (33, 21, 8, 4),
       (34, 9, 4, 4),
       (35, 7, 14, 6),
       (36, 16, 9, 6),
       (37, 19, 6, 6),
       (38, 25, 18, 4),
       (39, 9, 13, 2),
       (40, 9, 11, 3),
       (41, 8, 11, 6),
       (42, 7, 18, 4),
       (43, 18, 18, 4),
       (44, 24, 15, 2),
       (45, 18, 14, 2),
       (46, 25, 20, 4),
       (47, 21, 2, 3),
       (48, 13, 6, 2),
       (49, 13, 1, 5),
       (50, 13, 20, 5),
       (51, 22, 11, 4),
       (52, 11, 11, 2);

INSERT INTO Experience (id, employee_id, company_name, position, working_period, version)
VALUES (1, 6, 'General Motors', 'Designer', '2010-2017', 0),
       (2, 7, 'Verizon', 'Tester', '2013-2015', 0),
       (3, 8, 'Apple', 'Administrator', '2012-2019', 0),
       (4, 9, 'Samsung', 'Project Manager', '2014-2016', 0),
       (5, 10, 'Microsoft', 'Developer', '2016-2018', 0),
       (6, 11, 'Alphabet', 'Tester', '2018-2019', 0),
       (7, 12, 'Intel', 'Developer', '2017-2019', 0),
       (8, 13, 'IBM', 'Tester', '2016-2017', 0),
       (9, 14, 'Facebook', 'Designer', '2007-2014', 0),
       (10, 15, 'Hon Hai Precision', 'Secretary', '2010-2015', 0),
       (11, 16, 'Tencent', 'Project Manager', '2002-2010', 0),
       (12, 17, 'Oracle', 'Developer', '2000-2005', 0),
       (13, 18, 'Glencore', 'Designer', '1998-2007', 0),
       (14, 19, 'Daimler', 'Administrator', '2000-2008', 0),
       (15, 20, 'Ford', 'Tester', '1999-2006', 0),
       (16, 21, 'Kroger', 'Developer', '2002-2012', 0),
       (17, 22, 'Lukoil', 'Project Manager', '2004-2008', 0),
       (18, 23, 'Toyota', 'Developer', '2008-2013', 0),
       (19, 24, 'JPMorgan Chase', 'Tester', '2007-2014', 0),
       (20, 25, 'Royal Dutch Shell', 'Administrator', '2010-2015', 0),
       (21, 26, 'Amazon', 'Developer', '2014-2019', 0),
       (22, 27, 'Chevron', 'Developer', '2018-2020', 0);

INSERT INTO Education (id, employee_id, institution, field_of_study, education_period, degree,
                       version)
VALUES (1, 6, 'Boston University Massachusetts', 'Computer Sciences', '2005-2012', 'Doctor', 0),
       (2, 7, 'University of Wisconsin, Madison Wisconsin', 'Business', '2010-2015', 'Master', 0),
       (3, 8, 'Carnegie Mellon University Pennsylvania', 'Linguistics', '2008-2012', 'Bachelor', 0),
       (4, 9, 'Bryn Mawr College Pennsylvania', 'Computer Sciences', '2009-2013', 'Bachelor', 0),
       (5, 10, 'George Washington University District of Columbia', 'Economics', '2010-2016',
        'Master', 0),
       (6, 11, 'University of Georgia Georgia', 'Computer Sciences', '2010-2017', 'Doctor', 0),
       (7, 12, 'Mount Holyoke College Massachusetts', 'Linguistics', '2012-2017', 'Master', 0),
       (8, 13, 'Washington University in Saint Louis Missouri', 'Business', '2013-2018', 'Master',
        0),
       (9, 14, 'University of Florida Florida', 'Computer Sciences', '2005-2009', 'Bachelor', 0),
       (10, 15, 'Wesleyan University Connecticut', 'Computer Sciences', '2006-2014', 'Doctor', 0),
       (11, 16, 'Boston College Massachusetts', 'Mechanical Engineering', '1997-2002', 'Bachelor',
        0),
       (12, 17, 'Amherst College Massachusetts', 'Mechanical Engineering', '1996-2000', 'Bachelor',
        0),
       (13, 18, 'United States Coast Guard Academy Connecticut', 'Economics', '1990-1996', 'Master',
        0),
       (14, 19, 'Cooper UnionNew York', 'Computer Sciences', '1994-1999', 'Master', 0),
       (15, 20, 'Santa Clara University California', 'Mechanical Engineering', '2000-2001',
        'Certificate', 0),
       (16, 21, 'Southern Methodist University Texas', 'Statistics', '1995-1999', 'Bachelor', 0),
       (17, 22, 'Northwestern University Illinois', 'Computer Sciences', '2006-2007', 'Certificate',
        0),
       (18, 23, 'University of Virginia Virginia', 'Mechanical Engineering', '1999-2008', 'Doctor',
        0),
       (19, 24, 'Pomona College California', 'Computer Sciences', '2000-2005', 'Bachelor', 0),
       (20, 25, 'Cornell University New York', 'Computer Sciences', '2003-2008', 'Master', 0),
       (21, 26, 'University of Michigan, Ann Arbor Michigan', 'Statistics', '2008-2013', 'Master',
        0),
       (22, 27, 'Washington and Lee University Virginia', 'Statistics', '2015-2020', 'Master', 0);
